20-21,DAM,1,Ordinario,LM, Brandon ,Freeman,1,(355)-687-3262,brandon.freeman55@example.com
20-21,DAM,1,Ordinario,LM, Colleen ,Diaz,2,(255)-595-8393,colleen.diaz83@example.com
20-21,DAM,1,Ordinario,SI, Brandon ,Freeman,3,(355)-687-3262,brandon.freeman55@example.com
20-21,DAM,1,Ordinario,SI, Colleen ,Diaz,4,(255)-595-8393,colleen.diaz83@example.com
20-21,DAM,2,Ordinario,SXE, Nicole ,Ford,5,(946)-638-6034,nicole.ford75@example.com
20-21,DAM,2,Ordinario,SXE, Addison ,Olson,6,(223)-399-7637,addison.olson28@example.com
20-21,DAM,2,Ordinario,AD, Nicole ,Ford,7,(946)-638-6034,nicole.ford75@example.com
20-21,DAM,2,Ordinario,AD, Addison ,Olson,8,(223)-399-7637,addison.olson28@example.com
20-21,DAM,1,Vespertino,LM, Douglas ,Fletcher,9,(132)-553-7242,douglas.fletcher51@example.com
20-21,DAM,1,Vespertino,LM, Floyd ,Steward,10,(145)-138-3401,floyd.steward34@example.com
20-21,DAM,1,Vespertino,SI, Douglas ,Fletcher,1,(132)-553-7242,douglas.fletcher51@example.com
20-21,DAM,1,Vespertino,SI, Floyd ,Steward,2,(145)-138-3401,floyd.steward34@example.com
20-21,DAM,2,Vespertino,AD, Edwin ,Hansen,3,(942)-352-2555,edwin.hansen58@example.com
20-21,DAM,2,Vespertino,AD, Jesse ,Brown,4,(829)-386-3277,jesse.brown74@example.com
20-21,DAM,2,Vespertino,SXE, Edwin ,Hansen,5,(943)-352-2555,edwin.hansen58@example.com
20-21,DAM,2,Vespertino,SXE, Jesse ,Brown,6,(829)-386-3277,jesse.brown74@example.com
20-21,DAM,1,FPDual,AD, Oscar ,Morgan,7,(561)-239-1744,oscar.morgan11@example.com
20-21,DAM,2,FPDual,AD, Soham ,Palmer,8,(379)-167-2040,soham.palmer15@example.com
20-21,DAW,1,Ordinario,PG, Lorraine ,Douglas,1,(443)-648-9155,lorraine.douglas35@example.com
20-21,DAW,1,Ordinario,BD, Billy ,Fox,2,(915)-498-5611,billy.fox45@example.com
20-21,DAW,2,Ordinario,DIW, Edith ,Sanchez,3,(938)-175-2048,edith.sanchez68@example.com
20-21,DAW,2,Ordinario,DWCC, Julie ,Richards,4,(225)-148-7811,julie.richards84@example.com
20-21,DAW,1,Vespertino,PG, Kim ,Snyder,5,(215)-379-4865,kim.snyder96@example.com
20-21,DAW,1,Vespertino,BD, Sandra ,Neal,6,(430)-371-7293,sandra.neal80@example.com
20-21,DAW,2,Vespertino,DIW, Theodore ,Gardner,7,(186)-612-6561,theodore.gardner36@example.com
20-21,DAW,2,Vespertino,DWCC, Travis ,Mendoza,8,(840)-944-8661,travis.mendoza24@example.com
20-21,DAW,1,FPDual,BD, Gordon ,Owens,9,(336)-723-6569,gordon.owens47@example.com
20-21,DAW,2,FPDual,DWCC, Toni ,Rhodes,10,(198)-539-4948,toni.rhodes11@example.com
20-21,DAW,1,Ordinario,BD, Lorraine ,Douglas,1,(443)-648-9155,lorraine.douglas35@example.com
20-21,DAW,1,Ordinario,PG, Billy ,Fox,2,(915)-498-5611,billy.fox45@example.com
20-21,DAW,2,Ordinario,DWCC, Edith ,Sanchez,3,(938)-175-2048,edith.sanchez68@example.com
20-21,DAW,2,Ordinario,DIW, Julie ,Richards,4,(225)-148-7811,julie.richards84@example.com
20-21,DAW,1,Vespertino,BD, Kim ,Snyder,5,(215)-379-4865,kim.snyder96@example.com
20-21,DAW,1,Vespertino,PG, Sandra ,Neal,6,(430)-371-7293,sandra.neal80@example.com
20-21,DAW,2,Vespertino,DWCC, Theodore ,Gardner,7,(186)-612-6561,theodore.gardner36@example.com
20-21,DAW,2,Vespertino,DIW, Travis ,Mendoza,8,(840)-944-8661,travis.mendoza24@example.com
20-21,DAW,1,FPDual,BD, Gordon ,Owens,9,(336)-723-6569,gordon.owens47@example.com
20-21,DAW,2,FPDual,DWCC, Toni ,Rhodes,10,(198)-539-4948,toni.rhodes11@example.com
20-21,ASIR,1,Ordinario,FH, Ron ,Gibson,6,(976)-397-4091,ron.gibson76@example.com
20-21,ASIR,1,Ordinario,ISO, Tom ,Ruiz,7,(102)-834-1602,tom.ruiz89@example.com
20-21,ASIR,2,Ordinario,ASO, Willie ,Burke,8,(846)-523-2111,willie.burke80@example.com
20-21,ASIR,2,Ordinario,RD, Chester ,Reed,9,(979)-904-8902,chester.reed79@example.com
20-21,ASIR,1,Vespertino,FH, Dwayne ,Newman,10,(614)-177-4937,dwayne.newman28@example.com
20-21,ASIR,1,Vespertino,ISO, Joel ,Willis,1,(683)-556-5104,joel.willis63@example.com
20-21,ASIR,2,Vespertino,ASO, Marc ,Demo,2,(441)-695-2334,mark.brown23@example.com
20-21,ASIR,2,Vespertino,RD, Mitchell ,Admin,3,1 555-555-5555,admin@yourcompany.example.com
20-21,ASIR,1,FPDual,ISO,María,Arias,4,111111111,odoo@odoo.com
20-21,ASIR,2,FPDual,ASO,Luis,Zabaleta,5,999999999,proba@proba.com
19-20,DAM,1,Ordinario,LM, Brandon ,Freeman,1,(355)-687-3262,brandon.freeman55@example.com
19-20,DAM,1,Ordinario,LM, Colleen ,Diaz,2,(255)-595-8393,colleen.diaz83@example.com
19-20,DAM,1,Ordinario,SI, Brandon ,Freeman,3,(355)-687-3262,brandon.freeman55@example.com
19-20,DAM,1,Ordinario,SI, Colleen ,Diaz,4,(255)-595-8393,colleen.diaz83@example.com
19-20,DAM,1,Vespertino,LM, Douglas ,Fletcher,9,(132)-553-7242,douglas.fletcher51@example.com
19-20,DAM,1,Vespertino,LM, Floyd ,Steward,10,(145)-138-3401,floyd.steward34@example.com
19-20,DAM,1,Vespertino,SI, Douglas ,Fletcher,1,(132)-553-7242,douglas.fletcher51@example.com
19-20,DAM,1,Vespertino,SI, Floyd ,Steward,2,(145)-138-3401,floyd.steward34@example.com
19-20,DAM,1,FPDual,AD, Oscar ,Morgan,7,(561)-239-1744,oscar.morgan11@example.com
19-20,DAW,1,Ordinario,PG, Lorraine ,Douglas,1,(443)-648-9155,lorraine.douglas35@example.com
19-20,DAW,1,Ordinario,BD, Billy ,Fox,2,(915)-498-5611,billy.fox45@example.com
19-20,DAW,1,Vespertino,PG, Kim ,Snyder,5,(215)-379-4865,kim.snyder96@example.com
19-20,DAW,1,Vespertino,BD, Sandra ,Neal,6,(430)-371-7293,sandra.neal80@example.com
19-20,DAW,1,FPDual,BD, Gordon ,Owens,9,(336)-723-6569,gordon.owens47@example.com
19-20,DAW,1,Ordinario,BD, Lorraine ,Douglas,1,(443)-648-9155,lorraine.douglas35@example.com
19-20,DAW,1,Ordinario,PG, Billy ,Fox,2,(915)-498-5611,billy.fox45@example.com
19-20,DAW,1,Vespertino,BD, Kim ,Snyder,5,(215)-379-4865,kim.snyder96@example.com
19-20,DAW,1,Vespertino,PG, Sandra ,Neal,6,(430)-371-7293,sandra.neal80@example.com
19-20,DAW,1,FPDual,BD, Gordon ,Owens,9,(336)-723-6569,gordon.owens47@example.com
19-20,ASIR,1,Ordinario,FH, Ron ,Gibson,6,(976)-397-4091,ron.gibson76@example.com
19-20,ASIR,1,Ordinario,ISO, Tom ,Ruiz,7,(102)-834-1602,tom.ruiz89@example.com
19-20,ASIR,1,Vespertino,FH, Dwayne ,Newman,10,(614)-177-4937,dwayne.newman28@example.com
19-20,ASIR,1,Vespertino,ISO, Joel ,Willis,1,(683)-556-5104,joel.willis63@example.com
19-20,ASIR,1,FPDual,ISO,María,Arias,4,111111111,odoo@odoo.com
